Task_Class,Clinical_Task,Highest_Validation_Stage,Consequence_of_Error,Likely_Workflow_Value,Workflow_Value_Criteria,Workflow_Value_Rationale,Corpus_Status,In_Corpus_Anchor_Count,Contextual_Anchor_Count,Current_Position,Principal_Limitation
Perception AI,Prostate MRI reader assistance,5,High,High,"High workflow value indicates a plausible effect on high-volume, time-sensitive, resource-intensive, or pathway-level clinical/laboratory work if implemented with oversight.","High: common diagnostic bottleneck where reader assistance can affect reporting workload, triage, and consistency.",In-corpus anchors plus contextual exemplar(s),5,1,Most mature current candidate for implementation planning,Needs local calibration and pathway-level impact evidence
Perception AI,Prostate digital pathology,5,High,High,"High workflow value indicates a plausible effect on high-volume, time-sensitive, resource-intensive, or pathway-level clinical/laboratory work if implemented with oversight.","High: biopsy-pathology workflows are high-volume and AI may affect detection support, grading consistency, and ancillary-test use.",In-corpus anchors only,9,0,Implementation-planning candidate in selected workflows,"Scanner, stain, and local workflow calibration remain critical"
Perception AI,Selected bladder cystoscopy systems,4,High,High,"High workflow value indicates a plausible effect on high-volume, time-sensitive, resource-intensive, or pathway-level clinical/laboratory work if implemented with oversight.",High: cystoscopy is a common surveillance/diagnostic workflow where lesion-detection assistance could affect real-time clinical throughput and missed-lesion risk.,In-corpus anchors only,3,0,Implementation-stage candidate,Needs broader prospective evaluation and downstream outcome data
Perception AI,PSMA PET quantification and lesion support,3,High,Moderate,"Moderate workflow value indicates narrower, adjunctive, counselling-oriented, lower-throughput, or less operationally mature support roles.",Moderate: clinically important but narrower oncology-imaging adjunct with limited prospective workflow evidence.,In-corpus anchors plus contextual exemplar(s),2,1,Promising adjunct with multicentre technical validation,Limited prospective and outcome-linked evidence
Perception AI,Micro-ultrasound lesion localization,3,High,Moderate,"Moderate workflow value indicates narrower, adjunctive, counselling-oriented, lower-throughput, or less operationally mature support roles.","Moderate: potential targeted-biopsy support, but modality uptake and clinical workflow evidence remain limited.",In-corpus anchors only,1,0,Emerging adjunct rather than a deployable workflow,Evidence base remains thin and modality uptake is limited
Perception AI,Renal radiomics and renal-mass prediction,2,High,Moderate,"Moderate workflow value indicates narrower, adjunctive, counselling-oriented, lower-throughput, or less operationally mature support roles.","Moderate: potential decision support, but current evidence is heterogeneous, retrospective, and weakly transportable.",In-corpus anchors only,2,0,Exploratory to retrospective,"Heterogeneous labels, weak transportability, and limited prospective testing"
Judgment AI,UTI triage and stewardship support,5,High,High,"High workflow value indicates a plausible effect on high-volume, time-sensitive, resource-intensive, or pathway-level clinical/laboratory work if implemented with oversight.",High: high-volume outpatient problem where triage and antibiotic-matching support can affect service use and stewardship decisions.,In-corpus anchors plus contextual exemplar(s),1,1,Strong workflow-support use case,Needs site-level transportability and stewardship governance
Judgment AI,Functional urology and neurourology prediction,3,High,Moderate,"Moderate workflow value indicates narrower, adjunctive, counselling-oriented, lower-throughput, or less operationally mature support roles.","Moderate: plausible triage/counselling value, but noisy phenotypes and sparse prospective evidence limit workflow impact.",In-corpus anchors only,3,0,Promising but inconsistent,Noisy phenotypes and sparse prospective evaluation
Perception AI,Surgical video analytics and feedback,3,Moderate,High,"High workflow value indicates a plausible effect on high-volume, time-sensitive, resource-intensive, or pathway-level clinical/laboratory work if implemented with oversight.","High: scalable audit, training, and feedback value in operative workflows, although not ready for credentialing or autonomous decisions.",In-corpus anchors plus contextual exemplar(s),4,2,"Useful for audit, training, and feedback",Not ready for credentialing or unsupervised intraoperative decisions
Judgment AI,MDT and pathway decision support,4,High,High,"High workflow value indicates a plausible effect on high-volume, time-sensitive, resource-intensive, or pathway-level clinical/laboratory work if implemented with oversight.",High: contextual pathway-triage exemplar with potential to reduce full multidisciplinary-team workload while preserving escalation.,Contextual-only exemplar,0,1,Contextual implementation exemplar rather than corpus-supported maturity tier,Staging is based on a contextual exemplar; broader corpus-supported prospective evidence is needed
Perception AI,AI-assisted sperm selection for ICSI,4,High,High,"High workflow value indicates a plausible effect on high-volume, time-sensitive, resource-intensive, or pathway-level clinical/laboratory work if implemented with oversight.",High: time-sensitive laboratory workflow where automation may improve scanning throughput and standardization.,In-corpus anchors plus contextual exemplar(s),2,1,High-potential laboratory automation,No convincing implantation or live-birth outcome evidence
Judgment AI,Male infertility and sperm-retrieval prediction,3,High,Moderate,"Moderate workflow value indicates narrower, adjunctive, counselling-oriented, lower-throughput, or less operationally mature support roles.","Moderate: useful for counselling and risk communication, but not yet a direct workflow-automation tool.",In-corpus anchors only,2,0,Counselling adjunct only,Large harmonized outcome datasets remain scarce
Judgment AI,ED and sexual-function outcome prediction,3,Moderate,Moderate,"Moderate workflow value indicates narrower, adjunctive, counselling-oriented, lower-throughput, or less operationally mature support roles.",Moderate: primarily counselling/risk-communication support with limited operational workflow impact.,In-corpus anchors only,2,0,Risk-communication adjunct only,External validation and prospective workflow testing remain limited
Communication/Workflow AI,Clinician-reviewed patient-message response support,2,Moderate,Moderate,"Moderate workflow value indicates narrower, adjunctive, counselling-oriented, lower-throughput, or less operationally mature support roles.","Moderate: communication adjunct with possible drafting value, but evidence lacks workflow implementation and external validation.",In-corpus anchors only,1,0,Emerging supervised communication adjunct rather than implementation-planning candidate,Single-centre comparative evidence without workflow implementation or external validation
Communication/Workflow AI,Ambient documentation support,4,Moderate,High,"High workflow value indicates a plausible effect on high-volume, time-sensitive, resource-intensive, or pathway-level clinical/laboratory work if implemented with oversight.","High: contextual documentation exemplar with potential to reduce clinician documentation burden, but urology-specific evidence remains limited.",Contextual-only exemplar,0,1,Contextual urology ambient-scribe exemplar rather than corpus-supported maturity tier,Urology-specific evidence is contextual and still requires clinician review and implementation monitoring
Communication/Workflow AI,Retrieval-grounded guideline support,3,High,Moderate,"Moderate workflow value indicates narrower, adjunctive, counselling-oriented, lower-throughput, or less operationally mature support roles.","Moderate: clinician-facing information support, but benchmarking evidence exceeds real clinical-use evidence.",In-corpus anchors only,1,0,"Clinician-facing support, not autonomous advice",Benchmarking evidence exceeds real clinical-use evidence
